
<doctrine-mapping xmlns="http://doctrine-project.org/schemas/orm/doctrine-mapping"
              xmlns:xsi="http://www.w3.org/2001/XMLSchema-instance"
              xsi:schemaLocation="http://doctrine-project.org/schemas/orm/doctrine-mapping
                            http://doctrine-project.org/schemas/orm/doctrine-mapping.xsd">

    <entity name="Friend" table="friends">
        <id name="id" type="integer">
            <generator strategy="AUTO" />
        </id>
        <field name="id_owner" type="integer" />
        <field name="id_friend" type="integer" />
        <field name="status" type="integer" />
      
    </entity>
</doctrine-mapping>
