<!-- config/xml/User.dcm.xml -->
        <doctrine-mapping xmlns="http://doctrine-project.org/schemas/orm/doctrine-mapping"
              xmlns:xsi="http://www.w3.org/2001/XMLSchema-instance"
              xsi:schemaLocation="http://doctrine-project.org/schemas/orm/doctrine-mapping
                            http://doctrine-project.org/schemas/orm/doctrine-mapping.xsd">

             <entity name="User" table="users">
                 <id name="id" type="integer">
                     <generator strategy="AUTO" />
                 </id>

                 <field name="name" type="string" />

                 <one-to-many target-entity="Bug" field="reportedBugs" mapped-by="reporter" />
                 <one-to-many target-entity="Bug" field="assignedBugs" mapped-by="engineer" />
             </entity>
        </doctrine-mapping>
