<doctrine-mapping xmlns="http://doctrine-project.org/schemas/orm/doctrine-mapping"
              xmlns:xsi="http://www.w3.org/2001/XMLSchema-instance"
              xsi:schemaLocation="http://doctrine-project.org/schemas/orm/doctrine-mapping
                            http://doctrine-project.org/schemas/orm/doctrine-mapping.xsd">

    <entity name="Album" table="albums">
        <id name="id_album" type="integer">
            <generator strategy="AUTO" />
        </id>
        <field name="id_owner" type="integer" />
        <field name="id_wall" type="integer" />
        <field name="title" type="string" />
        <field name="cover" type="integer" />                
        <field name="priv" type="integer" />                
        <field name="datetime" type="string" />
      
    </entity>
</doctrine-mapping>
