
<doctrine-mapping xmlns="http://doctrine-project.org/schemas/orm/doctrine-mapping"
                  xmlns:xsi="http://www.w3.org/2001/XMLSchema-instance"
                  xsi:schemaLocation="http://doctrine-project.org/schemas/orm/doctrine-mapping
                            http://doctrine-project.org/schemas/orm/doctrine-mapping.xsd">

    <entity name="Photos" table="photos">
        <id name="id" type="integer">
            <generator strategy="AUTO" />
        </id>
        <field name="wall_id" type="string" />
        <field name="file" type="string" />
        <field name="date" type="string" />
    </entity>
    
</doctrine-mapping>
