
<doctrine-mapping xmlns="http://doctrine-project.org/schemas/orm/doctrine-mapping"
              xmlns:xsi="http://www.w3.org/2001/XMLSchema-instance"
              xsi:schemaLocation="http://doctrine-project.org/schemas/orm/doctrine-mapping
                            http://doctrine-project.org/schemas/orm/doctrine-mapping.xsd">

    <entity name="PhotoAlbum" table="photo_album">
        <id name="id_photo" type="integer">
            <generator strategy="AUTO" />
        </id>
        <field name="id_album" type="integer" />
        <field name="id_owner" type="integer" />
        <field name="title" type="string" />        
        <field name="datetime" type="string" />        
    </entity>
</doctrine-mapping>
